{"iteration": 3152, "acf_loss": 8.470269203186035, "marginal_loss": 1.5685043334960938, "total_loss": 10.038773536682129, "_timestamp": 1734684354.752572, "_runtime": 42605.807665109634, "_step": 3152}