{"train_acf_loss": 33.15817642211914, "val_loss": 32.86578369140625, "_timestamp": 1735134700.6990943, "_runtime": 50255.76731419563, "_step": 999, "_wandb": {"runtime": 50254}}