{"train_marginal_loss": 1.1043628454208374, "val_loss": 1.4252681732177734, "val_loss_upper": 1.498338792771101, "val_loss_lower": 1.352197553664446, "_timestamp": 1735751478.3121068, "_runtime": 460.28168272972107, "_step": 39}