{"train_acf_loss": 2.853672742843628, "val_loss": 2.932825803756714, "_timestamp": 1735158924.372622, "_runtime": 711.3252849578857, "_step": 158}