{"train_acf_loss": 4.224785804748535, "val_loss": 14.964395523071289, "_timestamp": 1735161473.0660062, "_runtime": 550.5809502601624, "_step": 170}