{"train_acf_loss": 2.8642356395721436, "val_loss": 2.9055991172790527, "_timestamp": 1735159732.235867, "_runtime": 693.5993881225586, "_step": 158}