{"iteration": 999, "_timestamp": 1734133773.1107981, "_runtime": 1.822986125946045, "_step": 0, "_wandb": {"runtime": 0}}