{"train_acf_loss": 2.716156005859375, "val_loss": 15.302726745605469, "_timestamp": 1735160707.5349045, "_runtime": 873.4137814044952, "_step": 220}