{"iteration": 999, "_timestamp": 1734208231.3244522, "_runtime": 3.6052582263946533, "_step": 999, "_wandb": {"runtime": 3}}