{"train_acf_loss": 2.932187080383301, "val_loss": 3.012277364730835, "_timestamp": 1735158080.020872, "_runtime": 124.30988621711731, "_step": 999, "_wandb": {"runtime": 123}}