{"train_acf_loss": 2.766879081726074, "val_loss": 2.793233633041382, "_timestamp": 1735162497.8304024, "_runtime": 991.4734454154968, "_step": 252}