{"train_acf_loss": 2.9808363914489746, "val_loss": 15.00358772277832, "_timestamp": 1735162151.9682293, "_runtime": 645.6112723350525, "_step": 166}